ticker,date,close,future_close,future_return,label,pred
GEX,2025-01-02,17757.21228,20046.958074,0.12894736842105256,1,1
SBT,2025-01-02,11681.935,13500.0,0.15563046704163314,1,1
GEE,2025-01-02,26457.298490727,35753.10606855,0.35135135135135126,1,1
VSC,2025-01-02,12417.28,14047.048,0.13125,1,1
GEE,2025-01-03,25781.9620427655,35117.495293998,0.36209553158705704,1,1
VSC,2025-01-03,12262.064,14008.244,0.14240506329113925,1,1
GEX,2025-01-03,17196.458208,20093.68758,0.1684782608695653,1,1
VCG,2025-01-03,16173.908229,18139.797627,0.1215469613259668,1,1
SBT,2025-01-03,11409.205,13500.0,0.18325509971991916,1,1
SBT,2025-01-06,11045.565,13500.0,0.22221000012222095,1,1
GEE,2025-01-06,24629.91751389,35117.495293998,0.42580645161290326,1,1
VSC,2025-01-06,12106.848,13581.4,0.12179487179487176,1,1
VCG,2025-01-06,16307.9461425,18139.797627,0.11232876712328761,1,1
GEX,2025-01-06,16822.62216,19626.39252,0.16666666666666682,1,1
HHV,2025-01-07,10857.36,12095.48,0.11403508771929814,1,1
VSC,2025-01-07,12106.848,13736.616,0.1346153846153846,1,1
GEX,2025-01-07,16962.810678,19813.310544,0.16804407713498612,1,1
VCG,2025-01-07,15995.191011,18631.2699765,0.16480446927374295,1,1
GEE,2025-01-07,24073.758086157,34998.3182737695,0.45379537953795396,1,1
SBT,2025-01-07,11045.565,13600.0,0.2312634075305337,1,1
VSC,2025-01-08,12339.672,14008.244,0.13522012578616352,1,1
VCG,2025-01-08,16218.5875335,19256.7802395,0.18732782369146003,1,1
GEE,2025-01-08,24510.7404936615,37421.584351749,0.5267423014586711,1,1
GEX,2025-01-08,17009.540184,20140.417086,0.18406593406593405,1,1
HHV,2025-01-08,11000.22,12381.2,0.12554112554112568,1,1
SBT,2025-01-08,11181.93,13400.0,0.19836200011983618,1,1
GEE,2025-01-09,24113.4837595665,39606.4963892715,0.642504118616145,1,1
SBT,2025-01-09,11454.66,13500.0,0.17855964297499885,1,1
VSC,2025-01-09,12339.672,14396.284,0.1666666666666666,1,1
VCG,2025-01-09,16084.54962,19435.4974575,0.20833333333333345,1,1
HHV,2025-01-09,10857.36,12381.2,0.14035087719298245,1,1
GEX,2025-01-09,17336.646726,20747.900664,0.1967654986522912,1,1
GEE,2025-01-10,24629.91751389,39169.513981767,0.5903225806451613,1,1
VND,2025-01-10,11099.63,12359.85,0.11353711790393024,1,1
GEX,2025-01-10,17383.376232,20560.98264,0.1827956989247312,1,1
VCG,2025-01-10,16263.266838,19212.100935,0.18131868131868126,1,1
VIX,2025-01-10,8762.08,9666.86,0.10326086956521746,1,1
VSC,2025-01-10,12145.652,14357.48,0.18210862619808302,1,1
HHV,2025-01-10,11000.22,12285.96,0.11688311688311687,1,1
TCH,2025-01-10,11628.9,13308.63,0.1444444444444444,1,1
SBT,2025-01-10,11700.0,13400.0,0.1452991452991453,1,1
VND,2025-01-13,11196.57,12699.14,0.13419913419913418,1,1
TCH,2025-01-13,11973.46,13308.63,0.11151079136690649,1,1
VSC,2025-01-13,12145.652,14357.48,0.18210862619808302,1,1
SBT,2025-01-13,11800.0,13500.0,0.1440677966101695,1,1
GEX,2025-01-13,17383.376232,20981.548194,0.206989247311828,1,1
GEE,2025-01-13,24590.1918404805,41870.859773613,0.7027463651050082,1,1
VIX,2025-01-13,8685.888,10238.3,0.1787280701754384,1,1
VIX,2025-01-14,8609.696,10428.78,0.21128318584070804,1,1
TCH,2025-01-14,11758.11,13567.05,0.15384615384615372,1,1
GEE,2025-01-14,24590.1918404805,44492.75421864,0.8093699515347336,1,1
GEX,2025-01-14,17383.376232,21028.2777,0.20967741935483872,1,1
VND,2025-01-14,10905.75,12796.08,0.17333333333333334,1,1
VSC,2025-01-14,12456.084,13853.028,0.11214953271028033,1,1
SBT,2025-01-14,11800.0,13650.0,0.15677966101694915,1,1
VIX,2025-01-15,8809.7,10666.88,0.21081081081081063,1,1
GEE,2025-01-15,25066.8999213945,42824.275935441,0.7083993660855785,1,1
GEX,2025-01-15,17710.482774,21215.195724,0.19788918205804754,1,1
SBT,2025-01-15,11850.0,13750.0,0.16033755274261605,1,1
TCH,2025-01-15,11973.46,14514.59,0.21223021582733823,1,1
VND,2025-01-15,11099.63,12893.02,0.16157205240174685,1,1
GEE,2025-01-16,25225.8026150325,42188.665160889,0.67244094488189,1,1
TCH,2025-01-16,11887.32,14557.66,0.22463768115942032,1,1
GEX,2025-01-16,17850.671292,21028.2777,0.17801047120418848,1,1
VIX,2025-01-16,8971.608,10714.5,0.19426751592356686,1,1
SBT,2025-01-16,11900.0,13600.0,0.14285714285714285,1,1
SBT,2025-01-17,11850.0,13600.0,0.14767932489451477,1,1
GEE,2025-01-17,25662.785022537,43380.435363174,0.690402476780186,1,1
VIX,2025-01-17,9019.228,10762.12,0.19324181626187983,1,1
GEX,2025-01-17,17850.671292,20981.548194,0.17539267015706808,1,1
TCH,2025-01-17,12231.88,14643.8,0.1971830985915493,1,1
VND,2025-01-20,11584.33,13135.37,0.1338912133891214,1,1
SBT,2025-01-20,11900.0,13650.0,0.14705882352941177,1,1
SJS,2025-01-20,31312.71,38532.78,0.23057953144266338,1,1
TCH,2025-01-20,12059.6,14643.8,0.2142857142857142,1,1
GEE,2025-01-20,25662.785022537,46399.586542296,0.8080495356037152,1,1
GEX,2025-01-20,17710.482774,21402.113748,0.20844327176781,1,1
HAG,2025-01-20,11800.0,13000.0,0.1016949152542373,1,1
VIX,2025-01-20,9076.372,10952.6,0.20671563483735583,1,1
SBT,2025-01-21,11900.0,13650.0,0.14705882352941177,1,1
GEE,2025-01-21,26060.041756632,49100.932334142,0.8841463414634148,1,1
DXS,2025-01-21,6540.0,7240.0,0.10703363914373089,1,1
SJS,2025-01-21,31467.15,38146.68,0.2122699386503067,1,1
VND,2025-01-21,11584.33,13280.78,0.14644351464435154,1,1
TCH,2025-01-21,12145.74,14729.94,0.21276595744680857,1,1
GEX,2025-01-21,17710.482774,21402.113748,0.20844327176781,1,1
VIX,2025-01-21,9123.992,10904.98,0.19519832985386215,1,1
GEE,2025-01-22,26298.395797089,49180.383680961,0.8700906344410876,1,1
VND,2025-01-22,11341.98,13329.25,0.17521367521367526,1,1
VSC,2025-01-22,12960.536,14435.088,0.11377245508982034,1,1
GEX,2025-01-22,17476.835244,21402.113748,0.2245989304812833,1,1
SBT,2025-01-22,11950.0,13650.0,0.14225941422594143,1,1
TCH,2025-01-22,12059.6,14686.87,0.2178571428571429,1,1
VIX,2025-01-22,8981.132,10904.98,0.2142099681866384,1,1
DPM,2025-01-22,18536.998875,20556.7017375,0.10895522388059692,1,1
DBC,2025-01-22,22131.32,24957.52,0.1277013752455796,1,1
DXS,2025-01-22,6460.0,7200.0,0.11455108359133127,1,1
CTS,2025-01-22,23111.865,26643.33,0.15279878971255673,1,1
NKG,2025-01-23,13500.0,15450.0,0.14444444444444443,1,1
GEX,2025-01-23,17663.753268,21075.007206,0.193121693121693,1,1
DXS,2025-01-23,6660.0,7340.0,0.1021021021021021,1,1
VIX,2025-01-23,9123.992,10952.6,0.20041753653444677,1,1
HSG,2025-01-23,16905.84,18606.14,0.10057471264367812,1,1
GEE,2025-01-23,26298.395797089,47511.905397762,0.8066465256797583,1,1
SBT,2025-01-23,12250.0,13550.0,0.10612244897959183,1,1
TCH,2025-01-23,12404.16,15203.71,0.2256944444444444,1,1
DBC,2025-01-23,22305.24,25609.72,0.1481481481481481,1,1
VND,2025-01-23,11632.8,13232.31,0.13750000000000004,1,1
DXS,2025-01-24,6700.0,7390.0,0.10298507462686567,1,1
VND,2025-01-24,11632.8,13183.84,0.13333333333333341,1,1
TCH,2025-01-24,13093.28,15074.5,0.15131578947368415,1,1
DIG,2025-01-24,16698.18,18773.66,0.12429378531073443,1,1
VIX,2025-01-24,9419.236,10904.98,0.15773508594539926,1,1
NKG,2025-01-24,13300.0,15900.0,0.19548872180451127,1,1
DBC,2025-01-24,22087.84,25740.16,0.1653543307086614,1,1
GEE,2025-01-24,28125.776773926,49180.383680961,0.7485875706214689,1,1
TCH,2025-02-03,13093.28,15332.92,0.17105263157894732,1,1
DBC,2025-02-03,22392.2,26435.84,0.18058252427184462,1,1
NKG,2025-02-03,13600.0,15950.0,0.17279411764705882,1,1
VND,2025-02-03,11245.04,13280.78,0.18103448275862066,1,1
VIX,2025-02-03,9371.616,11238.32,0.19918699186991867,1,1
DIG,2025-02-03,16462.33,18868.0,0.146131805157593,1,1
DBC,2025-02-04,23044.4,26522.8,0.15094339622641498,1,1
VIX,2025-02-04,9666.86,10952.6,0.13300492610837436,1,1
TCH,2025-02-04,13351.7,15117.57,0.13225806451612895,1,1
DIG,2025-02-04,16698.18,18820.83,0.1271186440677967,1,1
NKG,2025-02-04,14250.0,15750.0,0.10526315789473684,1,1
DBC,2025-02-05,22913.96,26479.32,0.15559772296015184,1,1
VIX,2025-02-05,9514.476,10571.64,0.11111111111111098,1,1
DBC,2025-02-06,22827.0,26957.6,0.1809523809523809,1,1
VIX,2025-02-06,9571.62,11285.94,0.17910447761194026,1,1
TCH,2025-02-06,13308.63,14902.22,0.11974110032362462,1,1
NKG,2025-02-06,14150.0,16100.0,0.13780918727915195,1,1
VIX,2025-02-07,9619.24,11285.94,0.17326732673267334,1,1
GEE,2025-02-07,35117.495293998,53947.464490101,0.5361990950226245,1,1
NKG,2025-02-07,14000.0,16100.0,0.15,1,1
TCH,2025-02-07,13179.42,15289.85,0.16013071895424838,1,1
DBC,2025-02-07,22827.0,26653.24,0.1676190476190477,1,1
GEE,2025-02-10,35117.495293998,53947.464490101,0.5361990950226245,1,1
VND,2025-02-10,12214.44,13668.54,0.11904761904761907,1,1
TCH,2025-02-10,13007.14,15375.99,0.1821192052980133,1,1
VIX,2025-02-10,9485.904,11333.56,0.19477911646586335,1,1
DBC,2025-02-10,22783.52,26218.44,0.15076335877862587,1,1
HSG,2025-02-10,16420.04,18168.92,0.1065088757396448,1,1
DXG,2025-02-10,12521.355,14017.08,0.1194539249146758,1,1
NKG,2025-02-10,13500.0,15800.0,0.17037037037037037,1,1
HSG,2025-02-11,16274.3,18508.98,0.13731343283582093,1,1
VND,2025-02-11,12262.91,13910.89,0.1343873517786561,1,1
VRE,2025-02-11,16400.0,18200.0,0.10975609756097561,1,1
VIX,2025-02-11,9466.856,11381.18,0.20221327967806846,1,1
NKG,2025-02-11,13650.0,16100.0,0.1794871794871795,1,1
TCH,2025-02-11,13222.49,15419.06,0.16612377850162866,1,1
DIG,2025-02-11,17405.73,19198.19,0.10298102981029805,1,1
DXG,2025-02-11,12521.355,14273.49,0.1399317406143345,1,1
GEE,2025-02-11,34998.3182737695,55615.9427733,0.5891032917139613,1,1
DXS,2025-02-11,6630.0,7490.0,0.1297134238310709,1,1
DXG,2025-02-12,12435.885,14145.285,0.13745704467353947,1,1
VRE,2025-02-12,16400.0,18300.0,0.11585365853658537,1,1
TCH,2025-02-12,13093.28,15117.57,0.15460526315789466,1,1
DXS,2025-02-12,6590.0,7510.0,0.13960546282245828,1,1
DIG,2025-02-12,17264.22,19009.51,0.10109289617486322,1,1
HSG,2025-02-12,16225.72,18363.24,0.13173652694610793,1,1
VND,2025-02-12,12311.38,14637.94,0.18897637795275601,1,1
GEE,2025-02-12,37421.584351749,56410.45624149,0.5074309978768577,1,1
VIX,2025-02-12,9504.952,11857.38,0.24749498997995992,1,1
NKG,2025-02-12,13450.0,16050.0,0.19330855018587362,1,1
DXS,2025-02-13,6640.0,7460.0,0.12349397590361445,1,1
VND,2025-02-13,12262.91,14492.53,0.18181818181818188,1,1
DXG,2025-02-13,12307.68,13717.935,0.11458333333333326,1,1
VRE,2025-02-13,16650.0,18800.0,0.12912912912912913,1,1
HSG,2025-02-13,16177.14,18314.66,0.13213213213213215,1,1
GEE,2025-02-13,39606.4963892715,54026.91583692,0.36409227683049145,1,1
NKG,2025-02-13,13500.0,16100.0,0.1925925925925926,1,1
VIX,2025-02-13,9571.62,11619.28,0.21393034825870644,1,1
TCH,2025-02-13,13265.56,14859.15,0.12012987012987014,1,1
DIG,2025-02-14,17405.73,19481.21,0.1192411924119241,1,1
GEE,2025-02-14,39169.513981767,55218.686039205,0.4097363083164301,1,1
TCH,2025-02-14,13308.63,14902.22,0.11974110032362462,1,1
DXG,2025-02-14,12435.885,13931.61,0.12027491408934711,1,1
DXS,2025-02-14,6740.0,7600.0,0.12759643916913946,1,1
VND,2025-02-14,12359.85,14492.53,0.17254901960784316,1,1
VIX,2025-02-14,9666.86,11714.52,0.21182266009852213,1,1
NKG,2025-02-14,13700.0,15900.0,0.16058394160583941,1,1
VRE,2025-02-14,16600.0,18750.0,0.12951807228915663,1,1
DXG,2025-02-17,12478.62,14487.165,0.16095890410958905,1,1
NKG,2025-02-17,13700.0,16150.0,0.17883211678832117,1,1
GEE,2025-02-17,41870.859773613,56251.553547852,0.34345351043643263,1,1
VRE,2025-02-17,16450.0,18700.0,0.13677811550151975,1,1
TCH,2025-02-17,13308.63,15505.2,0.1650485436893205,1,1
HSG,2025-02-17,16517.2,18314.66,0.10882352941176465,1,1
VND,2025-02-17,12699.14,14444.06,0.13740458015267176,1,1
DXS,2025-02-17,6750.0,7600.0,0.1259259259259259,1,1
GEE,2025-02-18,44492.75421864,55059.783345567,0.23749999999999988,1,1
VND,2025-02-18,12796.08,14734.88,0.15151515151515146,1,1
DXG,2025-02-18,12606.825,14188.02,0.1254237288135593,1,1
TCH,2025-02-18,13567.05,15203.71,0.12063492063492064,1,1
NKG,2025-02-18,13900.0,15700.0,0.12949640287769784,1,1
VND,2025-02-19,12893.02,14637.94,0.13533834586466165,1,1
GEE,2025-02-19,42824.275935441,52517.340247359,0.2263450834879407,1,1
GEE,2025-02-20,42188.665160889,53629.659102825,0.27118644067796593,1,1
VND,2025-02-20,12989.96,14686.41,0.1305970149253732,1,1
VND,2025-02-21,12941.49,14880.29,0.1498127340823971,1,1
GEE,2025-02-21,43380.435363174,52994.048328273,0.22161172161172155,1,1
GEE,2025-02-24,46399.586542296,54424.172571015,0.17294520547945208,1,1
GEE,2025-02-25,49100.932334142,56807.712975585,0.15695792880258888,1,1
GEE,2025-02-26,49180.383680961,57204.96970968,0.1631663974151858,1,1
GEE,2025-02-27,47511.905397762,55218.686039205,0.1622073578595318,1,1
VND,2025-02-28,13183.84,15219.58,0.15441176470588233,1,1
GEE,2025-02-28,49180.383680961,55457.040079662,0.12762520193861068,1,1
GEE,2025-03-03,48862.578293685,55536.491426481,0.1365853658536585,1,1
GEE,2025-03-04,49100.932334142,56251.553547852,0.14563106796116507,1,1
VND,2025-03-04,13135.37,14928.76,0.1365313653136531,1,1
VIX,2025-03-05,10571.64,12333.58,0.1666666666666667,1,1
GEE,2025-03-05,49100.932334142,56807.712975585,0.15695792880258888,1,1
VND,2025-03-05,12989.96,15413.46,0.1865671641791045,1,1
GEE,2025-03-19,52517.340247359,67613.096142969,0.28744326777609686,1,1
GEE,2025-03-20,53629.659102825,70711.69866891,0.31851851851851865,1,1
GEE,2025-03-21,52994.048328273,68725.414998435,0.2968515742128935,1,1
VSC,2025-03-26,13697.812,15482.796,0.1303116147308782,1,1
GEE,2025-03-27,55218.686039205,73352.215794,0.3283948071839356,1,1
VSC,2025-03-27,13581.4,15909.64,0.17142857142857143,1,1
SBT,2025-03-27,14850.0,16950.0,0.1414141414141414,1,1
VSC,2025-03-28,14047.048,16258.876,0.15745856353591156,1,1
SBT,2025-03-28,14850.0,16950.0,0.1414141414141414,1,1
VSC,2025-03-31,13697.812,17384.192,0.2691218130311614,1,1
SBT,2025-03-31,14850.0,17000.0,0.1447811447811448,1,1
VSC,2025-04-01,13775.42,18587.116,0.34929577464788747,1,1
VSC,2025-04-02,13736.616,17888.644,0.30225988700564976,1,1
SBT,2025-04-03,14500.0,16900.0,0.16551724137931034,1,1
VRE,2025-04-03,18750.0,24900.0,0.328,1,1
HAG,2025-04-03,11550.0,13150.0,0.13852813852813853,1,1
VSC,2025-04-03,12805.32,18160.272,0.41818181818181827,1,1
PPC,2025-04-03,10950.0,12550.0,0.1461187214611872,1,1
POW,2025-04-04,11400.0,12800.0,0.12280701754385964,1,1
VRE,2025-04-04,18800.0,25000.0,0.32978723404255317,1,1
VSC,2025-04-04,12494.888,17772.232,0.4223602484472049,1,1
SBT,2025-04-04,15000.0,17350.0,0.15666666666666668,1,1
DXG,2025-04-04,12094.005,13717.935,0.13427561837455834,1,1
HAG,2025-04-04,11000.0,13000.0,0.18181818181818182,1,1
PPC,2025-04-04,11050.0,12600.0,0.14027149321266968,1,1
GEE,2025-04-04,56331.004894671,78559.95,0.3946129693033736,1,1
DCM,2025-04-04,27012.7,32113.0,0.18881118881118877,1,1
GEX,2025-04-04,22056.326832,28857.72,0.30836472545067345,1,1
HHV,2025-04-08,9952.58,11428.8,0.14832535885167458,1,1
PC1,2025-04-08,19750.0,22250.0,0.12658227848101267,1,1
POW,2025-04-08,10650.0,12750.0,0.19718309859154928,1,1
VIX,2025-04-08,10666.88,11857.38,0.11160714285714286,1,1
PPC,2025-04-08,10550.0,12550.0,0.1895734597156398,1,1
DXS,2025-04-08,5710.0,6500.0,0.138353765323993,1,1
PVT,2025-04-08,15152.0,16667.2,0.10000000000000005,1,1
VSC,2025-04-08,11641.2,17927.448,0.5399999999999999,1,1
GEE,2025-04-08,52437.88890054,78657.54,0.5000134759275175,1,1
DSE,2025-04-08,20200.0,23050.0,0.14108910891089108,1,1
DPM,2025-04-08,16323.625875,18758.336175,0.1491525423728814,1,1
HDG,2025-04-08,19227.465,21954.765,0.14184397163120563,1,1
NLG,2025-04-08,27485.165,31334.075,0.14003590664272889,1,1
HPG,2025-04-08,19082.57,21374.145,0.12008733624454153,1,1
CII,2025-04-08,9868.5,11754.48,0.19111111111111106,1,1
DCM,2025-04-08,25123.7,31924.1,0.27067669172932324,1,1
GEX,2025-04-08,20514.253134,28572.0,0.3927877273116621,1,1
VRE,2025-04-08,17500.0,25000.0,0.42857142857142855,1,1
ANV,2025-04-08,13300.0,15100.0,0.13533834586466165,1,1
HT1,2025-04-08,9860.0,11050.0,0.1206896551724138,1,1
TCH,2025-04-08,13265.56,15203.71,0.14610389610389607,1,1
DBC,2025-04-08,20522.56,24348.8,0.1864406779661016,1,1
SBT,2025-04-08,14650.0,17350.0,0.18430034129692832,1,1
VCG,2025-04-08,17246.211537,19033.383717,0.10362694300518144,1,1
DXG,2025-04-08,11282.04,13846.14,0.22727272727272713,1,1
HAG,2025-04-08,10250.0,13000.0,0.2682926829268293,1,1
PVD,2025-04-09,16650.0,18800.0,0.12912912912912913,1,1
DXG,2025-04-09,10512.81,13931.61,0.32520325203252043,1,1
GEE,2025-04-09,48783.126946866,80218.98,0.6444001239890494,1,1
GVR,2025-04-09,23950.0,27950.0,0.16701461377870563,1,1
TCH,2025-04-09,12361.09,15505.2,0.25435540069686413,1,1
DPM,2025-04-09,15410.6095125,18758.336175,0.21723518850987442,1,1
PC1,2025-04-09,18450.0,22150.0,0.2005420054200542,1,1
PPC,2025-04-09,10750.0,12650.0,0.17674418604651163,1,1
KBC,2025-04-09,22150.0,25050.0,0.1309255079006772,1,1
SJS,2025-04-09,31042.44,35135.1,0.1318407960199005,1,1
PAN,2025-04-09,20299.24,23403.25,0.1529126213592232,1,1
HAG,2025-04-09,9810.0,13150.0,0.34046890927624873,1,1
SBT,2025-04-09,14650.0,17300.0,0.18088737201365188,1,1
ANV,2025-04-09,12400.0,15000.0,0.20967741935483872,1,1
DBC,2025-04-09,19087.72,24870.56,0.30296127562642367,1,1
VND,2025-04-09,12262.91,14589.47,0.18972332015810273,1,1
GEX,2025-04-09,19112.367954,28619.62,0.4974397766348067,1,1
HSG,2025-04-09,13250.0,15000.0,0.1320754716981132,1,1
DGW,2025-04-09,28315.875,32797.17,0.15826086956521732,1,1
DCM,2025-04-09,23801.4,31971.325,0.3432539682539682,1,1
NT2,2025-04-09,16250.0,18650.0,0.1476923076923077,1,1
HT1,2025-04-09,9300.0,11000.0,0.1827956989247312,1,1
VRE,2025-04-09,18000.0,25500.0,0.4166666666666667,1,1
NLG,2025-04-09,25610.055,31284.73,0.2215799614643545,1,1
HHV,2025-04-09,9524.0,11476.42,0.20500000000000002,1,1
VSC,2025-04-09,10826.316,17694.624,0.6344086021505375,1,1
DXS,2025-04-09,5320.0,6640.0,0.24812030075187969,1,1
SSI,2025-04-09,20600.0,23200.0,0.1262135922330097,1,1
POW,2025-04-09,9930.0,12950.0,0.3041289023162135,1,1
PVT,2025-04-09,14091.36,16818.72,0.19354838709677422,1,1
HDG,2025-04-09,17909.27,22000.22,0.22842639593908634,1,1
VIX,2025-04-09,9952.58,12000.24,0.20574162679425836,1,1
CII,2025-04-09,9210.6,11622.9,0.2619047619047618,1,1
HDC,2025-04-09,20950.0,23200.0,0.10739856801909307,1,1
CMG,2025-04-09,28850.0,33900.0,0.17504332755632582,1,1
HPG,2025-04-09,17749.29,21165.82,0.19248826291079804,1,1
KDH,2025-04-09,22045.675,25727.53,0.1670103092783505,1,1
DSE,2025-04-09,19050.0,24000.0,0.25984251968503935,1,1
VCG,2025-04-09,16263.266838,18988.7044125,0.16758241758241757,1,1
HAG,2025-04-10,10450.0,13500.0,0.291866028708134,1,1
HDG,2025-04-10,19136.555,22363.86,0.16864608076009502,1,1
DPM,2025-04-10,16461.9616875,18758.336175,0.13949579831932782,1,1
DSE,2025-04-10,20350.0,24000.0,0.17936117936117937,1,1
VSC,2025-04-10,11563.592,18354.292,0.587248322147651,1,1
PAN,2025-04-10,21678.8,23945.22,0.10454545454545464,1,1
ANV,2025-04-10,13250.0,15200.0,0.1471698113207547,1,1
VRE,2025-04-10,19250.0,25400.0,0.3194805194805195,1,1
DCM,2025-04-10,25454.275,31735.2,0.24675324675324672,1,1
GEX,2025-04-10,20420.794122,28095.8,0.3758426744889153,1,1
SBT,2025-04-10,15650.0,17350.0,0.10862619808306709,1,1
DBC,2025-04-10,20392.12,25087.96,0.23027718550106613,1,1
PC1,2025-04-10,19700.0,22150.0,0.12436548223350254,1,1
CII,2025-04-10,9824.64,11579.04,0.17857142857142874,1,1
KDH,2025-04-10,23545.69,26545.72,0.12741312741312752,1,1
PVT,2025-04-10,15076.24,16856.6,0.11809045226130645,1,1
POW,2025-04-10,10600.0,12800.0,0.20754716981132076,1,1
DXS,2025-04-10,5690.0,6560.0,0.15289982425307558,1,1
TCH,2025-04-10,13222.49,15505.2,0.17263843648208477,1,1
VCG,2025-04-10,17380.2494505,19167.4216305,0.10282776349614405,1,1
DXG,2025-04-10,11239.305,14017.08,0.24714828897338398,1,1
NLG,2025-04-10,27386.475,32863.77,0.19999999999999996,1,1
HPG,2025-04-10,18957.575,21499.14,0.13406593406593398,1,1
HT1,2025-04-10,9950.0,11100.0,0.11557788944723618,1,1
VND,2025-04-10,13086.9,14686.41,0.12222222222222225,1,1
GVR,2025-04-10,25600.0,28650.0,0.119140625,1,1
HHV,2025-04-10,10190.68,11571.66,0.13551401869158874,1,1
GEE,2025-04-10,52120.083513264,82951.5,0.5915457997854079,1,1
VIX,2025-04-10,10619.26,12238.34,0.15246636771300448,1,1
POW,2025-04-11,11300.0,12900.0,0.1415929203539823,1,1
GEE,2025-04-11,55695.394120119,84708.12,0.5209178665170922,1,1
HAG,2025-04-11,11150.0,13600.0,0.21973094170403587,1,1
DSE,2025-04-11,21300.0,23850.0,0.11971830985915492,1,1
DXG,2025-04-11,11965.8,14017.08,0.17142857142857149,1,1
NLG,2025-04-11,28916.17,33406.565,0.15529010238907864,1,1
DBC,2025-04-11,21783.48,25261.88,0.15968063872255497,1,1
CII,2025-04-11,10350.96,11622.9,0.12288135593220345,1,1
HDG,2025-04-11,20000.2,22454.77,0.12272727272727271,1,1
VSC,2025-04-11,12262.064,17073.76,0.39240506329113906,1,1
DCM,2025-04-11,27201.6,31876.875,0.17187500000000006,1,1
VRE,2025-04-11,19400.0,24700.0,0.27319587628865977,1,1
GEX,2025-04-11,21355.384242,29000.0,0.35797135145736236,1,1
TCH,2025-04-11,14040.82,15548.27,0.10736196319018411,1,1
GEE,2025-04-14,59588.51011425,85098.48,0.4281021599103472,1,1
HSG,2025-04-14,14400.0,15950.0,0.1076388888888889,1,1
HAG,2025-04-14,11400.0,13200.0,0.15789473684210525,1,1
SBT,2025-04-14,15850.0,17500.0,0.10410094637223975,1,1
VSC,2025-04-14,12533.692,17228.976,0.3746130030959752,1,1
DSE,2025-04-14,21450.0,23850.0,0.11188811188811189,1,1
GEX,2025-04-14,22803.998928,28300.0,0.24101040740059443,1,1
VRE,2025-04-14,20300.0,24150.0,0.1896551724137931,1,1
DXG,2025-04-14,12350.415,13931.61,0.12802768166089962,1,1
CII,2025-04-14,10657.98,11842.2,0.11111111111111123,1,1
DBC,2025-04-14,22913.96,25261.88,0.10246679316888054,1,1
KBC,2025-04-15,22100.0,25850.0,0.16968325791855204,1,1
GEX,2025-04-15,23504.941518,29350.0,0.24867360242202158,1,1
VSC,2025-04-15,12882.928,16685.72,0.2951807228915664,1,1
TCH,2025-04-15,14126.96,15634.41,0.10670731707317078,1,1
DXS,2025-04-15,6000.0,6910.0,0.15166666666666667,1,1
DXG,2025-04-15,11965.8,14145.285,0.1821428571428572,1,1
VRE,2025-04-15,20300.0,24500.0,0.20689655172413793,1,1
NLG,2025-04-15,28620.1,33505.255,0.17068965517241377,1,1
HSG,2025-04-15,14000.0,16450.0,0.175,1,1
DBC,2025-04-15,22522.64,24783.6,0.10038610038610035,1,1
GVR,2025-04-15,24400.0,27700.0,0.13524590163934427,1,1
CII,2025-04-15,10570.26,11666.76,0.10373443983402489,1,1
GEE,2025-04-15,63719.980148838,91051.47,0.4289312361259487,1,1
SZC,2025-04-16,28768.24,32024.105,0.1131756756756756,1,1
VRE,2025-04-16,20400.0,24750.0,0.21323529411764705,1,1
HSG,2025-04-16,13550.0,16250.0,0.1992619926199262,1,1
HDG,2025-04-16,20182.02,22363.86,0.10810810810810811,1,1
GEE,2025-04-16,63243.272067924,97394.82,0.540002862207965,1,1
GVR,2025-04-16,23500.0,27200.0,0.1574468085106383,1,1
GEX,2025-04-16,23271.293988,29650.0,0.27410190491724357,1,1
KBC,2025-04-16,20600.0,26750.0,0.29854368932038833,1,1
NLG,2025-04-16,28027.96,33554.6,0.19718309859154928,1,1
DXS,2025-04-16,5840.0,6800.0,0.1643835616438356,1,1
VSC,2025-04-16,13038.144,16685.72,0.2797619047619048,1,1
CMG,2025-04-16,30300.0,34200.0,0.12871287128712872,1,1
CII,2025-04-16,10394.82,12456.24,0.19831223628691985,1,1
DXG,2025-04-16,11923.065,13888.875,0.1648745519713261,1,1
HSG,2025-04-17,13500.0,16300.0,0.2074074074074074,1,1
GEE,2025-04-17,67613.096142969,96516.51,0.4274824775944921,1,1
DXG,2025-04-17,12051.27,14273.49,0.1843971631205673,1,1
CII,2025-04-17,10394.82,12500.1,0.20253164556962033,1,1
DXS,2025-04-17,6040.0,6760.0,0.11920529801324503,1,1
GVR,2025-04-17,24200.0,27700.0,0.1446280991735537,1,1
VRE,2025-04-17,20400.0,25800.0,0.2647058823529412,1,1
GEX,2025-04-17,24579.720156,30400.0,0.2367919490970791,1,1
KBC,2025-04-17,21500.0,26900.0,0.25116279069767444,1,1
NLG,2025-04-17,28027.96,33653.29,0.20070422535211274,1,1
VSC,2025-04-17,13038.144,17539.408,0.3452380952380952,1,1
CII,2025-04-18,10482.54,13333.44,0.27196652719665265,1,1
GVR,2025-04-18,24500.0,27300.0,0.11428571428571428,1,1
VSC,2025-04-18,13697.812,17849.84,0.3031161473087819,1,1
KBC,2025-04-18,21800.0,26450.0,0.21330275229357798,1,1
DXG,2025-04-18,12179.475,14444.43,0.18596491228070175,1,1
NLG,2025-04-18,27633.2,33998.705,0.2303571428571429,1,1
GEE,2025-04-18,70711.69866891,96516.51,0.36492987464372234,1,1
DXS,2025-04-18,6000.0,6760.0,0.12666666666666668,1,1
HSG,2025-04-18,13700.0,16400.0,0.19708029197080293,1,1
VRE,2025-04-18,20400.0,25750.0,0.2622549019607843,1,1
DXS,2025-04-21,6000.0,6640.0,0.10666666666666667,1,1
VSC,2025-04-21,14163.46,17034.956,0.2027397260273972,1,1
SZC,2025-04-21,29059.81,32218.485,0.10869565217391301,1,1
VGC,2025-04-21,40000.0,44450.0,0.11125,1,1
HSG,2025-04-21,13300.0,16250.0,0.22180451127819548,1,1
GEX,2025-04-21,25514.310276,32000.0,0.2541981207346512,1,1
VRE,2025-04-21,20400.0,25350.0,0.2426470588235294,1,1
CII,2025-04-21,10438.68,13508.88,0.29411764705882343,1,1
NLG,2025-04-21,27287.785,33949.36,0.24412296564195302,1,1
GVR,2025-04-21,23700.0,26850.0,0.13291139240506328,1,1
KBC,2025-04-21,21800.0,26500.0,0.21559633027522937,1,1
POW,2025-04-21,12100.0,13600.0,0.12396694214876033,1,1
DXG,2025-04-21,12222.21,14316.225,0.17132867132867144,1,1
GEE,2025-04-21,68725.414998435,92710.5,0.3489987656256596,1,1
HDG,2025-04-21,20454.75,23545.69,0.15111111111111106,1,1
HAG,2025-04-22,11850.0,13800.0,0.16455696202531644,1,1
VGC,2025-04-22,37350.0,43050.0,0.15261044176706828,1,1
GVR,2025-04-22,22300.0,27000.0,0.21076233183856502,1,1
SZC,2025-04-22,27213.2,32072.7,0.17857142857142858,1,1
PHR,2025-04-22,39877.77,44221.86,0.10893512851897195,1,1
KBC,2025-04-22,21350.0,26500.0,0.24121779859484777,1,1
GEE,2025-04-22,69122.67173253,99151.44,0.43442719320321194,1,1
NKG,2025-04-22,11300.0,12600.0,0.11504424778761062,1,1
DXG,2025-04-22,11965.8,14316.225,0.19642857142857154,1,1
VRE,2025-04-22,20600.0,25650.0,0.24514563106796117,1,1
POW,2025-04-22,11850.0,13350.0,0.12658227848101267,1,1
VSC,2025-04-22,14202.264,17073.76,0.20218579234972672,1,1
DXS,2025-04-22,5710.0,6700.0,0.1733800350262697,1,1
GEX,2025-04-22,24579.720156,33700.0,0.3710489698872225,1,1
NLG,2025-04-22,26350.23,34196.085,0.29775280898876405,1,1
PAN,2025-04-22,22171.5,24881.35,0.12222222222222216,1,1
CII,2025-04-22,10131.66,13289.58,0.3116883116883117,1,1
HSG,2025-04-22,12500.0,16250.0,0.3,1,1
TCH,2025-04-22,14428.45,16237.39,0.12537313432835812,1,1
HDG,2025-04-22,20454.75,23954.785,0.1711111111111111,1,1
PAN,2025-04-23,22023.69,25866.75,0.1744966442953021,1,1
HSG,2025-04-23,13350.0,16400.0,0.22846441947565543,1,1
HAG,2025-04-23,12000.0,13650.0,0.1375,1,1
GEX,2025-04-23,25187.203734,35100.0,0.39356477879355856,1,1
GEE,2025-04-23,67903.658745,102957.45,0.5162283138032109,1,1
NLG,2025-04-23,27139.75,35034.95,0.2909090909090908,1,1
DXG,2025-04-23,12606.825,14871.78,0.1796610169491525,1,1
POW,2025-04-23,11950.0,13500.0,0.1297071129707113,1,1
KBC,2025-04-23,21900.0,27300.0,0.2465753424657534,1,1
VGC,2025-04-23,38950.0,45000.0,0.15532734274711169,1,1
VSC,2025-04-23,14629.108,17966.252,0.22811671087533159,1,1
CII,2025-04-23,10394.82,13772.04,0.32489451476793263,1,1
DIG,2025-04-23,13679.3,15235.91,0.11379310344827591,1,1
PHR,2025-04-23,40707.54,47296.89,0.16187050359712227,1,1
GVR,2025-04-23,23150.0,28850.0,0.24622030237580994,1,1
FTS,2025-04-23,32444.625,35950.0,0.10804177887708673,1,1
DSE,2025-04-23,21200.0,23350.0,0.10141509433962265,1,1
SZC,2025-04-23,28379.48,34308.07,0.2089041095890411,1,1
VIX,2025-04-23,11666.9,12905.02,0.1061224489795919,1,1
HDG,2025-04-23,20909.3,23818.42,0.13913043478260864,1,1
DXS,2025-04-23,6100.0,6910.0,0.13278688524590163,1,1
TCH,2025-04-23,15031.43,17141.86,0.14040114613180518,1,1
HDG,2025-04-24,20909.3,24454.79,0.16956521739130442,1,1
CII,2025-04-24,10526.4,13947.48,0.325,1,1
PAN,2025-04-24,22417.85,26556.53,0.18461538461538465,1,1
VSC,2025-04-24,15482.796,19130.372,0.23558897243107763,1,1
DXS,2025-04-24,6300.0,7120.0,0.13015873015873017,1,1
TCH,2025-04-24,15246.78,17055.72,0.1186440677966102,1,1
GEX,2025-04-24,25047.015216,36000.0,0.43729700683070805,1,1
DIG,2025-04-24,14056.66,16273.65,0.15771812080536912,1,1
NLG,2025-04-24,27583.855,36416.61,0.3202146690518784,1,1
DXG,2025-04-24,12777.765,15170.925,0.18729096989966554,1,1
NKG,2025-04-24,11900.0,13100.0,0.10084033613445378,1,1
SZC,2025-04-24,29497.165,34405.26,0.1663920922570017,1,1
GEE,2025-04-24,68716.876215,107349.0,0.5621926652214019,1,1
PDR,2025-04-24,14721.81,16295.84,0.10691823899371074,1,1
HDC,2025-04-24,21900.0,24300.0,0.1095890410958904,1,1
HSG,2025-04-24,13500.0,16400.0,0.21481481481481482,1,1
PC1,2025-04-24,20800.0,23100.0,0.11057692307692307,1,1
HAG,2025-04-24,12250.0,13750.0,0.12244897959183673,1,1
PHR,2025-04-24,41878.98,48126.66,0.14918414918414918,1,1
KBC,2025-04-24,22750.0,27250.0,0.1978021978021978,1,1
VGC,2025-04-24,39650.0,45250.0,0.14123581336696092,1,1
POW,2025-04-24,12000.0,13500.0,0.125,1,1
GVR,2025-04-24,23550.0,29400.0,0.2484076433121019,1,1
KDH,2025-04-24,24636.61,27273.0,0.10701107011070109,1,1
VIX,2025-04-24,11524.04,12952.64,0.1239669421487602,1,1
FTS,2025-04-24,33072.875,36650.0,0.10815887642063171,1,1
FTS,2025-04-25,32893.375,37000.0,0.12484656864794202,1,1
KBC,2025-04-25,22800.0,26900.0,0.17982456140350878,1,1
VIX,2025-04-25,11428.8,13143.12,0.15000000000000013,1,1
VSC,2025-04-25,15909.64,18315.488,0.15121951219512206,1,1
GVR,2025-04-25,23800.0,29650.0,0.24579831932773108,1,1
HDC,2025-04-25,21550.0,24000.0,0.1136890951276102,1,1
PHR,2025-04-25,42025.41,48224.28,0.14750290360046445,1,1
DXS,2025-04-25,6240.0,7010.0,0.1233974358974359,1,1
DIG,2025-04-25,13867.98,16037.8,0.15646258503401358,1,1
CII,2025-04-25,11228.16,13508.88,0.20312499999999994,1,1
HDG,2025-04-25,21136.575,24409.335,0.15483870967741928,1,1
TCH,2025-04-25,15203.71,16797.3,0.10481586402266291,1,1
CTS,2025-04-25,22307.67,24580.395,0.10188087774294681,1,1
GEX,2025-04-25,25286.22,35500.0,0.40392672372541244,1,1
HAG,2025-04-25,12450.0,14100.0,0.13253012048192772,1,1
PAN,2025-04-25,22516.39,26359.45,0.1706783369803064,1,1
NLG,2025-04-25,27633.2,36515.3,0.3214285714285715,1,1
SZC,2025-04-25,29157.0,33967.905,0.16499999999999995,1,1
HSG,2025-04-25,13350.0,16450.0,0.23220973782771537,1,1
PDR,2025-04-25,14536.63,16018.07,0.10191082802547775,1,1
VGC,2025-04-25,39650.0,45000.0,0.13493064312736444,1,1
GEE,2025-04-25,73352.215794,101493.6,0.3836473636329045,1,1
POW,2025-04-25,11900.0,13500.0,0.13445378151260504,1,1
DXG,2025-04-25,12735.03,15427.335,0.21140939597315422,1,1
POW,2025-04-28,11750.0,13300.0,0.13191489361702127,1,1
KBC,2025-04-28,22500.0,26950.0,0.19777777777777777,1,1
TCH,2025-04-28,14686.87,17271.07,0.17595307917888556,1,1
GVR,2025-04-28,23500.0,29400.0,0.251063829787234,1,1
DIG,2025-04-28,13867.98,16400.0,0.1825803036923907,1,1
PDR,2025-04-28,14536.63,16249.545,0.11783439490445867,1,1
PHR,2025-04-28,42269.46,51152.88,0.21016166281755191,1,1
DXS,2025-04-28,6240.0,7100.0,0.13782051282051283,1,1
VIX,2025-04-28,11476.42,13238.36,0.15352697095435688,1,1
CII,2025-04-28,11535.18,13640.46,0.18250950570342195,1,1
KDH,2025-04-28,24272.97,27000.27,0.11235955056179772,1,1
HDG,2025-04-28,21091.12,24500.245,0.16163793103448276,1,1
PAN,2025-04-28,22516.39,26359.45,0.1706783369803064,1,1
NLG,2025-04-28,27189.095,37847.615,0.3920145190562612,1,1
SZC,2025-04-28,28768.24,34259.475,0.19087837837837826,1,1
GEE,2025-04-28,78169.59,99346.62,0.27091136079900124,1,1
DXG,2025-04-28,12478.62,15427.335,0.23630136986301356,1,1
VGC,2025-04-28,39300.0,45250.0,0.15139949109414758,1,1
HSG,2025-04-28,13650.0,16300.0,0.19413919413919414,1,1
HDC,2025-04-28,21650.0,25600.0,0.18244803695150116,1,1
GEX,2025-04-28,24810.02,35800.0,0.44296538253495965,1,1
DXG,2025-04-29,12948.705,15470.07,0.19471947194719472,1,1
HDC,2025-04-29,21650.0,25350.0,0.17090069284064666,1,1
GEE,2025-04-29,77096.1,95345.43,0.2367088607594935,1,1
GVR,2025-04-29,23700.0,28700.0,0.2109704641350211,1,1
HDG,2025-04-29,21272.94,23818.42,0.11965811965811965,1,1
SZC,2025-04-29,28865.43,34016.5,0.17845117845117844,1,1
VGC,2025-04-29,39300.0,43900.0,0.11704834605597965,1,1
GEX,2025-04-29,25238.6,35450.0,0.40459454961844166,1,1
PAN,2025-04-29,22516.39,26802.88,0.19037199124726484,1,1
PDR,2025-04-29,14258.86,15832.89,0.1103896103896103,1,1
DXS,2025-04-29,6440.0,7120.0,0.10559006211180125,1,1
CII,2025-04-29,11535.18,13508.88,0.17110266159695808,1,1
KDH,2025-04-29,23954.785,26727.54,0.11574952561669834,1,1
PHR,2025-04-29,42367.08,50079.06,0.18202764976958516,1,1
CTS,2025-04-29,22517.46,25559.415,0.13509316770186344,1,1
VIX,2025-04-29,11381.18,13000.26,0.1422594142259414,1,1
NKG,2025-04-29,11900.0,13350.0,0.12184873949579832,1,1
TCH,2025-04-29,14816.08,17055.72,0.1511627906976745,1,1
HSG,2025-04-29,13800.0,16300.0,0.18115942028985507,1,1
KBC,2025-04-29,22800.0,26300.0,0.15350877192982457,1,1
NLG,2025-04-29,27189.095,38094.34,0.40108892921960054,1,1
DIG,2025-04-29,13867.98,16100.0,0.16094773716143235,1,1
POW,2025-04-29,11850.0,13100.0,0.10548523206751055,1,1
PDR,2025-05-05,14490.335,16897.675,0.1661341853035144,1,1
VND,2025-05-05,14395.59,15849.69,0.10101010101010104,1,1
DIG,2025-05-05,14245.34,17200.0,0.20741238889349078,1,1
SZC,2025-05-05,30323.28,33919.31,0.11858974358974356,1,1
FTS,2025-05-05,34149.875,37600.0,0.10102892031083568,1,1
CTS,2025-05-05,22727.25,26713.26,0.1753846153846153,1,1
PAN,2025-05-05,22664.2,27936.09,0.23260869565217387,1,1
GEX,2025-05-05,27000.54,35000.0,0.2962703708888785,1,1
VIX,2025-05-05,11857.38,13238.36,0.11646586345381539,1,1
KBC,2025-05-05,23650.0,26300.0,0.11205073995771671,1,1
GVR,2025-05-05,24850.0,29300.0,0.1790744466800805,1,1
HDG,2025-05-05,21591.125,24227.515,0.12210526315789472,1,1
TCH,2025-05-05,14686.87,17572.56,0.1964809384164223,1,1
HDC,2025-05-05,22300.0,25800.0,0.15695067264573992,1,1
NLG,2025-05-05,28620.1,37502.2,0.31034482758620685,1,1
GEE,2025-05-05,77486.46,95638.2,0.23425692695214093,1,1
DXG,2025-05-05,13162.38,15555.54,0.18181818181818196,1,1
KDH,2025-05-05,24682.065,27818.46,0.12707182320441993,1,1
CII,2025-05-05,11491.32,13859.76,0.20610687022900767,1,1
DXS,2025-05-05,6400.0,7200.0,0.125,1,1
HDC,2025-05-06,22150.0,25500.0,0.15124153498871332,1,1
HDG,2025-05-06,21682.035,24363.88,0.12368972746331243,1,1
NLG,2025-05-06,28324.03,37748.925,0.33275261324041827,1,1
DXS,2025-05-06,6310.0,7250.0,0.14896988906497624,1,1
DIG,2025-05-06,14434.02,17500.0,0.21241345099979073,1,1
CII,2025-05-06,11315.88,13684.32,0.20930232558139542,1,1
KDH,2025-05-06,24636.61,27727.55,0.12546125461254606,1,1
CTS,2025-05-06,22937.04,26608.365,0.16006097560975613,1,1
HSG,2025-05-06,14400.0,16350.0,0.13541666666666666,1,1
TCH,2025-05-06,14816.08,17572.56,0.18604651162790706,1,1
KBC,2025-05-06,23500.0,26450.0,0.125531914893617,1,1
DSE,2025-05-06,21600.0,23850.0,0.10416666666666667,1,1
VIX,2025-05-06,11714.52,13381.22,0.14227642276422756,1,1
POW,2025-05-06,12200.0,13450.0,0.10245901639344263,1,1
DXG,2025-05-06,13076.91,15769.215,0.2058823529411765,1,1
GEE,2025-05-06,76998.51,96126.15,0.24841571609632446,1,1
GVR,2025-05-06,24300.0,29500.0,0.2139917695473251,1,1
PAN,2025-05-06,22713.47,27591.2,0.2147505422993492,1,1
GEX,2025-05-06,27238.64,35900.0,0.31798063339432514,1,1
VGC,2025-05-06,40350.0,45000.0,0.11524163568773234,1,1
SZC,2025-05-06,29788.735,34502.45,0.15823817292006515,1,1
FTS,2025-05-06,34105.0,38200.0,0.12007037091335582,1,1
VND,2025-05-06,14201.71,16916.03,0.1911262798634812,1,1
PDR,2025-05-06,14953.285,16990.265,0.13622291021671823,1,1
GEE,2025-05-07,76412.97,95150.25,0.24521072796934865,1,1
DXG,2025-05-07,13675.2,16000.0,0.17000117000116993,1,1
HDC,2025-05-07,23400.0,26000.0,0.1111111111111111,1,1
PAN,2025-05-07,23255.44,27591.2,0.18644067796610178,1,1
VND,2025-05-07,14104.77,16770.62,0.18900343642611672,1,1
PDR,2025-05-07,15369.94,17082.855,0.11144578313253005,1,1
CII,2025-05-07,11315.88,13684.32,0.20930232558139542,1,1
DXS,2025-05-07,6500.0,7750.0,0.19230769230769232,1,1
GVR,2025-05-07,24850.0,29150.0,0.17303822937625754,1,1
SZC,2025-05-07,30177.495,34210.88,0.1336553945249597,1,1
TCH,2025-05-07,15117.57,17271.07,0.14245014245014245,1,1
FTS,2025-05-07,33701.125,37550.0,0.11420612813370473,1,1
CTS,2025-05-07,22657.32,26223.75,0.1574074074074074,1,1
HSG,2025-05-07,14550.0,16150.0,0.10996563573883161,1,1
DIG,2025-05-07,14764.21,17900.0,0.2123913165689191,1,1
VIX,2025-05-07,11571.66,13428.84,0.16049382716049385,1,1
VND,2025-05-08,14395.59,16576.74,0.1515151515151516,1,1
PAN,2025-05-08,23255.44,27591.2,0.18644067796610178,1,1
HDC,2025-05-08,23100.0,25700.0,0.11255411255411256,1,1
GEE,2025-05-08,78559.95,94174.35,0.1987577639751554,1,1
DXG,2025-05-08,13717.935,15850.0,0.15542171616937978,1,1
VIX,2025-05-08,11809.76,13190.74,0.11693548387096771,1,1
HSG,2025-05-08,14750.0,16350.0,0.10847457627118644,1,1
CII,2025-05-08,11403.6,13640.46,0.19615384615384604,1,1
CTS,2025-05-08,23181.795,26550.0,0.14529526294232184,1,1
DXS,2025-05-08,6480.0,8290.0,0.279320987654321,1,1
DIG,2025-05-08,14622.7,17800.0,0.21728545343883135,1,1
CTS,2025-05-09,23111.865,25750.0,0.11414634863954069,1,1
DXG,2025-05-09,13846.14,15850.0,0.1447233669455892,1,1
DXS,2025-05-09,6500.0,8850.0,0.36153846153846153,1,1
PAN,2025-05-09,23009.09,27147.77,0.17987152034261242,1,1
VND,2025-05-09,14444.06,15946.63,0.10402684563758388,1,1
CII,2025-05-09,11754.48,13026.42,0.10820895522388065,1,1
TCH,2025-05-09,15203.71,17141.86,0.1274787535410766,1,1
HDC,2025-05-09,22850.0,25150.0,0.10065645514223195,1,1
DIG,2025-05-09,14528.36,18000.0,0.23895608313670635,1,1
DIG,2025-05-12,14622.7,18100.0,0.23780150040690154,1,1
TCH,2025-05-12,15505.2,17314.14,0.11666666666666657,1,1
CTS,2025-05-12,23181.795,25800.0,0.11294228941287773,1,1
DXS,2025-05-12,6640.0,8650.0,0.30271084337349397,1,1
DXG,2025-05-12,13931.61,15650.0,0.12334468162689016,1,1
DXS,2025-05-13,6560.0,8300.0,0.2652439024390244,1,1
TCH,2025-05-13,15505.2,17228.0,0.11111111111111106,1,1
PAN,2025-05-13,23945.22,26359.45,0.10082304526748968,1,1
DXG,2025-05-13,14017.08,15800.0,0.12719624914746866,1,1
DIG,2025-05-13,14858.55,17800.0,0.19796346211440558,1,1
CTS,2025-05-13,23356.62,25750.0,0.10247116235140193,1,1
DXG,2025-05-14,14017.08,15600.0,0.11292794219623488,1,1
DXS,2025-05-14,6620.0,8500.0,0.283987915407855,1,1
PAN,2025-05-14,23600.33,26211.64,0.11064718162839238,1,1
DIG,2025-05-14,15094.4,17600.0,0.16599533601865596,1,1
DIG,2025-05-15,15094.4,17800.0,0.17924528301886794,1,1
DXG,2025-05-15,13931.61,15850.0,0.13770052420359163,1,1
PAN,2025-05-15,23649.6,26408.72,0.11666666666666678,1,1
ANV,2025-05-15,14700.0,16300.0,0.10884353741496598,1,1
TCH,2025-05-15,15246.78,17141.86,0.12429378531073446,1,1
DXS,2025-05-15,6660.0,9090.0,0.36486486486486486,1,1
PAN,2025-05-16,23403.25,26408.72,0.128421052631579,1,1
DXS,2025-05-16,6910.0,9000.0,0.3024602026049204,1,1
DXG,2025-05-16,14145.285,15750.0,0.11344522220655152,1,1
DIG,2025-05-16,14858.55,16750.0,0.1272970781132749,1,1
PVD,2025-05-19,18450.0,21850.0,0.1842818428184282,1,1
DXG,2025-05-19,13888.875,15950.0,0.1484011484011484,1,1
CTS,2025-05-19,23846.13,26500.0,0.11129143387207899,1,1
DIG,2025-05-19,15094.4,17200.0,0.13949544201823194,1,1
ANV,2025-05-19,14700.0,16600.0,0.1292517006802721,1,1
VND,2025-05-19,14347.12,16285.92,0.1351351351351351,1,1
PVT,2025-05-19,16629.32,18902.12,0.13667425968109334,1,1
DBC,2025-05-19,23740.08,26740.2,0.1263736263736263,1,1
DXS,2025-05-19,6800.0,8990.0,0.3220588235294118,1,1
PAN,2025-05-19,23058.36,26655.07,0.15598290598290593,1,1
CTS,2025-05-20,24090.885,26600.0,0.10415204754827403,1,1
DXG,2025-05-20,14273.49,16150.0,0.13146819733646084,1,1
PVT,2025-05-20,16515.68,18258.16,0.10550458715596328,1,1
VND,2025-05-20,14686.41,16237.45,0.10561056105610567,1,1
DXS,2025-05-20,6760.0,8850.0,0.3091715976331361,1,1
DPM,2025-05-20,18675.3346875,21220.7136375,0.13629629629629642,1,1
PAN,2025-05-20,23206.17,26556.53,0.14437367303609344,1,1
DIG,2025-05-20,14952.89,17250.0,0.15362314575978295,1,1
PVD,2025-05-20,18450.0,21300.0,0.15447154471544716,1,1
CTS,2025-05-21,23881.095,26450.0,0.1075706536907122,1,1
DIG,2025-05-21,14905.72,17300.0,0.1606282688793296,1,1
DPM,2025-05-21,18481.66455,21193.046475,0.14670658682634719,1,1
PAN,2025-05-21,23403.25,26260.91,0.12210526315789473,1,1
DXS,2025-05-21,6760.0,8800.0,0.30177514792899407,1,1
PVD,2025-05-21,18350.0,21350.0,0.16348773841961853,1,1
DXS,2025-05-22,6640.0,8890.0,0.338855421686747,1,1
ANV,2025-05-22,14800.0,16350.0,0.10472972972972973,1,1
GVR,2025-05-22,26850.0,29900.0,0.11359404096834265,1,1
PAN,2025-05-22,23452.52,26113.1,0.11344537815126042,1,1
DXG,2025-05-22,14316.225,16250.0,0.13507576194143356,1,1
PVT,2025-05-22,16439.92,18250.0,0.11010272556070844,1,1
CTS,2025-05-22,23776.2,26300.0,0.10614816497169435,1,1
DPM,2025-05-22,18481.66455,21414.383775,0.15868263473053876,1,1
PVD,2025-05-22,18100.0,21300.0,0.17679558011049723,1,1
DIG,2025-05-22,15000.06,17350.0,0.15666204001850664,1,1
PVD,2025-05-23,18000.0,21050.0,0.16944444444444445,1,1
DPM,2025-05-23,18592.3332,21220.7136375,0.14136904761904762,1,1
ANV,2025-05-23,14850.0,17450.0,0.1750841750841751,1,1
PVT,2025-05-23,16364.16,18500.0,0.13051937893542964,1,1
CTS,2025-05-23,23636.34,26200.0,0.10846264692418538,1,1
PDR,2025-05-23,14906.99,16666.2,0.11801242236024852,1,1
DIG,2025-05-23,14717.04,17350.0,0.17890554078809318,1,1
DXS,2025-05-23,6700.0,8700.0,0.29850746268656714,1,1
HDC,2025-05-23,22800.0,25200.0,0.10526315789473684,1,1
DXG,2025-05-23,14316.225,16300.0,0.1385683027474072,1,1
DXS,2025-05-26,6910.0,8780.0,0.2706222865412446,1,1
ANV,2025-05-26,15850.0,17650.0,0.11356466876971609,1,1
PVD,2025-05-26,18550.0,21700.0,0.16981132075471697,1,1
PVT,2025-05-26,16705.08,19100.0,0.1433647728714857,1,1
DIG,2025-05-26,15235.91,17150.0,0.12563017240191102,1,1
DBC,2025-05-26,24783.6,27696.76,0.11754385964912281,1,1
ANV,2025-05-27,16050.0,18050.0,0.12461059190031153,1,1
DBC,2025-05-27,24783.6,27653.28,0.11578947368421054,1,1
DXS,2025-05-27,7120.0,9000.0,0.2640449438202247,1,1
DXS,2025-05-28,7010.0,9350.0,0.3338088445078459,1,1
DBC,2025-05-28,24609.68,27479.36,0.11660777385159012,1,1
ANV,2025-05-28,15750.0,18250.0,0.15873015873015872,1,1
DPM,2025-05-29,18647.667525,21027.0435,0.1275964391691394,1,1
DBC,2025-05-29,24522.72,27740.24,0.13120567375886527,1,1
ANV,2025-05-29,15850.0,18850.0,0.1892744479495268,1,1
DXS,2025-05-29,7100.0,9200.0,0.29577464788732394,1,1
VND,2025-05-29,15268.05,17150.0,0.12326066524539812,1,1
VND,2025-05-30,15219.58,17200.0,0.13012317028459394,1,1
DBC,2025-05-30,23827.04,27827.2,0.1678832116788321,1,1
DXS,2025-05-30,7120.0,8910.0,0.25140449438202245,1,1
ANV,2025-05-30,15850.0,19800.0,0.24921135646687698,1,1
DPM,2025-05-30,18453.9973875,20916.37485,0.13343328335832086,1,1
DXS,2025-06-02,7200.0,8910.0,0.2375,1,1
ANV,2025-06-02,16250.0,21150.0,0.30153846153846153,1,1
DPM,2025-06-02,18509.3317125,21303.715125,0.15097159940209265,1,1
DBC,2025-06-02,23870.52,29566.4,0.23861566484517308,1,1
DXS,2025-06-03,7250.0,8660.0,0.19448275862068964,1,1
DBC,2025-06-03,24131.4,30175.12,0.25045045045045033,1,1
ANV,2025-06-03,16200.0,22600.0,0.3950617283950617,1,1
HT1,2025-06-04,11350.0,12650.0,0.1145374449339207,1,1
ANV,2025-06-04,16200.0,23600.0,0.4567901234567901,1,1
DXS,2025-06-04,7750.0,8960.0,0.15612903225806452,1,1
DXS,2025-06-05,8290.0,9220.0,0.11218335343787696,1,1
ANV,2025-06-05,16400.0,22600.0,0.3780487804878049,1,1
ANV,2025-06-06,16050.0,23900.0,0.48909657320872274,1,1
VIX,2025-06-06,12905.02,14550.0,0.12746822554323817,1,1
HCM,2025-06-06,20394.01,23500.0,0.15229913097031933,1,1
VCG,2025-06-06,20323.505,22850.0,0.12431394092702017,1,1
HT1,2025-06-06,11250.0,12650.0,0.12444444444444444,1,1
HT1,2025-06-09,11150.0,13000.0,0.16591928251121077,1,1
VIX,2025-06-09,12524.06,14850.0,0.18571773051230994,1,1
VCG,2025-06-09,19814.26,22900.0,0.15573329511170247,1,1
ANV,2025-06-09,15750.0,23600.0,0.4984126984126984,1,1
HCM,2025-06-09,20314.19,23750.0,0.16913349732379196,1,1
TCH,2025-06-09,17314.14,19252.29,0.11194029850746277,1,1
VND,2025-06-09,15704.28,17450.0,0.11116205263787957,1,1
HCM,2025-06-10,20354.1,23950.0,0.1766671088380229,1,1
HT1,2025-06-10,11200.0,12900.0,0.15178571428571427,1,1
DXS,2025-06-10,8300.0,9670.0,0.1650602409638554,1,1
HSG,2025-06-10,15850.0,17650.0,0.11356466876971609,1,1
VND,2025-06-10,15801.22,17800.0,0.12649529593284572,1,1
ANV,2025-06-10,16050.0,23550.0,0.4672897196261682,1,1
VCG,2025-06-10,19860.555,22850.0,0.15052172509781322,1,1
TCH,2025-06-10,17228.0,19812.2,0.15000000000000005,1,1
VIX,2025-06-10,12571.68,15150.0,0.20508953457294488,1,1
VCG,2025-06-11,20000.0,22800.0,0.14,1,1
DXS,2025-06-11,8500.0,9560.0,0.12470588235294118,1,1
VND,2025-06-11,15607.34,18050.0,0.15650713061931115,1,1
VIX,2025-06-11,12666.92,15550.0,0.22760702680683229,1,1
HCM,2025-06-11,20354.1,24450.0,0.20123218417910896,1,1
HSG,2025-06-11,16000.0,17600.0,0.1,1,1
ANV,2025-06-11,16150.0,23200.0,0.43653250773993807,1,1
TCH,2025-06-11,16969.58,19855.27,0.1700507614213197,1,1
VIX,2025-06-12,12762.16,15600.0,0.22236361242924396,1,1
VRE,2025-06-12,25200.0,28450.0,0.12896825396825398,1,1
VND,2025-06-12,15995.1,17800.0,0.11284080749729603,1,1
TCH,2025-06-12,17141.86,20070.62,0.17085427135678383,1,1
VCG,2025-06-12,20050.0,23100.0,0.15211970074812967,1,1
ANV,2025-06-12,16300.0,22200.0,0.3619631901840491,1,1
VND,2025-06-13,15655.81,17900.0,0.1433455055982412,1,1
HT1,2025-06-13,11600.0,13150.0,0.1336206896551724,1,1
VRE,2025-06-13,24550.0,28600.0,0.164969450101833,1,1
CTS,2025-06-13,25400.0,29600.0,0.16535433070866143,1,1
PDR,2025-06-13,15508.825,17360.625,0.11940298507462681,1,1
ANV,2025-06-13,16050.0,22550.0,0.40498442367601245,1,1
HCM,2025-06-13,20114.64,24950.0,0.24039008403829254,1,1
VIX,2025-06-13,12381.2,15850.0,0.28016670435822044,1,1
GVR,2025-06-13,27200.0,30000.0,0.10294117647058823,1,1
TCH,2025-06-13,16409.67,20544.39,0.251968503937008,1,1
VCG,2025-06-13,19700.0,22800.0,0.15736040609137056,1,1
VRE,2025-06-16,24500.0,28650.0,0.16938775510204082,1,1
PDR,2025-06-16,15925.48,18193.935,0.1424418604651164,1,1
TCH,2025-06-16,16754.23,21405.79,0.27763496143958877,1,1
DXS,2025-06-16,8990.0,10000.0,0.11234705228031146,1,1
HT1,2025-06-16,11650.0,13250.0,0.13733905579399142,1,1
VCG,2025-06-16,20150.0,23150.0,0.1488833746898263,1,1
ANV,2025-06-16,16600.0,22500.0,0.35542168674698793,1,1
VIX,2025-06-16,12666.92,15800.0,0.24734347418314792,1,1
VND,2025-06-17,16237.45,18100.0,0.11470705067606053,1,1
VIX,2025-06-17,12524.06,16000.0,0.27754098910417235,1,1
TCH,2025-06-17,16969.58,20630.53,0.21573604060913687,1,1
HT1,2025-06-17,11650.0,13100.0,0.12446351931330472,1,1
ANV,2025-06-17,16550.0,22300.0,0.3474320241691843,1,1
DXS,2025-06-17,8850.0,10100.0,0.14124293785310735,1,1
VRE,2025-06-17,24550.0,28150.0,0.14663951120162932,1,1
VRE,2025-06-18,24650.0,28800.0,0.16835699797160245,1,1
ANV,2025-06-18,16600.0,22600.0,0.3614457831325301,1,1
VIX,2025-06-18,12600.0,17100.0,0.35714285714285715,1,1
TCH,2025-06-18,16969.58,20802.81,0.2258883248730964,1,1
PDR,2025-06-18,16573.61,18564.295,0.12011173184357528,1,1
HT1,2025-06-18,11650.0,13150.0,0.12875536480686695,1,1
DXS,2025-06-18,8800.0,10350.0,0.17613636363636365,1,1
VND,2025-06-18,15995.1,18500.0,0.1566042100393245,1,1
VND,2025-06-19,16092.04,18500.0,0.14963671479812374,1,1
HT1,2025-06-19,11700.0,13050.0,0.11538461538461539,1,1
ANV,2025-06-19,16350.0,23000.0,0.40672782874617736,1,1
PDR,2025-06-19,16527.315,19351.31,0.17086834733893574,1,1
DXS,2025-06-19,8890.0,10800.0,0.21484814398200225,1,1
DIG,2025-06-19,17350.0,20300.0,0.17002881844380405,1,1
TCH,2025-06-19,16754.23,21276.58,0.269922879177378,1,1
VRE,2025-06-19,24700.0,29750.0,0.20445344129554655,1,1
HHV,2025-06-19,11619.28,13000.26,0.1188524590163934,1,1
VIX,2025-06-19,12450.0,17650.0,0.41767068273092367,1,1
CII,2025-06-19,12543.96,13947.48,0.11188811188811193,1,1
DBC,2025-06-19,26044.52,29566.4,0.13522537562604345,1,1
DIG,2025-06-20,17350.0,20550.0,0.1844380403458213,1,1
VIX,2025-06-20,12550.0,18850.0,0.50199203187251,1,1
PDR,2025-06-20,16666.2,19027.245,0.14166666666666655,1,1
HAG,2025-06-20,13000.0,14850.0,0.1423076923076923,1,1
VRE,2025-06-20,24600.0,29450.0,0.19715447154471544,1,1
HT1,2025-06-20,11550.0,13000.0,0.12554112554112554,1,1
CII,2025-06-20,12456.24,14298.36,0.14788732394366205,1,1
VND,2025-06-20,16140.51,18550.0,0.14928214783795554,1,1
VSC,2025-06-20,16250.0,17950.0,0.10461538461538461,1,1
HHV,2025-06-20,11619.28,12900.0,0.1102236971654009,1,1
ANV,2025-06-20,17450.0,22950.0,0.3151862464183381,1,1
TCH,2025-06-20,16754.23,21104.3,0.2596401028277635,1,1
DXS,2025-06-20,8700.0,11550.0,0.3275862068965517,1,1
HSG,2025-06-23,16350.0,18000.0,0.10091743119266056,1,1
DXS,2025-06-23,8780.0,11050.0,0.25854214123006836,1,1
HT1,2025-06-23,12050.0,13750.0,0.14107883817427386,1,1
ANV,2025-06-23,17650.0,23300.0,0.32011331444759206,1,1
HAG,2025-06-23,12900.0,14600.0,0.13178294573643412,1,1
TCH,2025-06-23,16409.67,20716.67,0.2624671916010499,1,1
VRE,2025-06-23,24750.0,29000.0,0.1717171717171717,1,1
VIX,2025-06-23,12450.0,19300.0,0.5502008032128514,1,1
VSC,2025-06-23,16200.0,18150.0,0.12037037037037036,1,1
NKG,2025-06-23,13000.0,14400.0,0.1076923076923077,1,1
PDR,2025-06-23,16573.61,18518.0,0.1173184357541899,1,1
DIG,2025-06-23,17150.0,20100.0,0.17201166180758018,1,1
VND,2025-06-23,15849.69,18150.0,0.14513280701389109,1,1
HT1,2025-06-24,12050.0,14150.0,0.17427385892116182,1,1
PDR,2025-06-24,16573.61,18888.36,0.13966480446927373,1,1
VRE,2025-06-24,24900.0,30000.0,0.20481927710843373,1,1
ANV,2025-06-24,18050.0,23850.0,0.32132963988919666,1,1
HAG,2025-06-24,12900.0,15000.0,0.16279069767441862,1,1
VIX,2025-06-24,12900.0,20650.0,0.6007751937984496,1,1
TCH,2025-06-24,16754.23,21190.44,0.26478149100257065,1,1
CII,2025-06-24,12631.68,13991.34,0.10763888888888888,1,1
DIG,2025-06-24,17300.0,20500.0,0.18497109826589594,1,1
VSC,2025-06-24,16050.0,19400.0,0.2087227414330218,1,1
DXS,2025-06-24,9000.0,11400.0,0.26666666666666666,1,1
HHV,2025-06-24,11809.76,13000.0,0.10078443592418472,1,1
DIG,2025-06-25,17250.0,20300.0,0.17681159420289855,1,1
ANV,2025-06-25,18250.0,23800.0,0.3041095890410959,1,1
CII,2025-06-25,12631.68,13947.48,0.1041666666666666,1,1
HSG,2025-06-25,16750.0,18900.0,0.12835820895522387,1,1
HAG,2025-06-25,13100.0,14500.0,0.10687022900763359,1,1
VSC,2025-06-25,15850.0,20050.0,0.26498422712933756,1,1
HT1,2025-06-25,12150.0,13850.0,0.13991769547325103,1,1
HHV,2025-06-25,11857.38,13150.0,0.10901396429902735,1,1
VRE,2025-06-25,24650.0,29250.0,0.18661257606490872,1,1
TCH,2025-06-25,16625.02,21491.93,0.2927461139896373,1,1
DXS,2025-06-25,9350.0,11300.0,0.20855614973262032,1,1
VIX,2025-06-25,12850.0,21650.0,0.6848249027237354,1,1
NKG,2025-06-25,13400.0,14850.0,0.10820895522388059,1,1
PDR,2025-06-25,16388.43,18703.18,0.14124293785310735,1,1
ANV,2025-06-26,18850.0,23300.0,0.23607427055702918,1,1
VRE,2025-06-26,24500.0,29800.0,0.2163265306122449,1,1
DXS,2025-06-26,9200.0,11300.0,0.22826086956521738,1,1
VSC,2025-06-26,15800.0,21450.0,0.3575949367088608,1,1
HT1,2025-06-26,12100.0,14000.0,0.15702479338842976,1,1
TCH,2025-06-26,16754.23,21750.35,0.29820051413881743,1,1
HSG,2025-06-26,16750.0,18600.0,0.11044776119402985,1,1
VIX,2025-06-26,12700.0,22500.0,0.7716535433070866,1,1
PDR,2025-06-26,16342.135,18703.18,0.14447592067988668,1,1
NKG,2025-06-26,13300.0,14750.0,0.10902255639097744,1,1
CII,2025-06-27,12982.56,14429.94,0.11148648648648657,1,1
HHV,2025-06-27,11762.14,13150.0,0.11799383445529475,1,1
ANV,2025-06-27,19800.0,24550.0,0.2398989898989899,1,1
VRE,2025-06-27,24800.0,29500.0,0.18951612903225806,1,1
DXS,2025-06-27,8910.0,11600.0,0.30190796857463525,1,1
PDR,2025-06-27,16342.135,19212.425,0.17563739376770532,1,1
NKG,2025-06-27,13250.0,15050.0,0.13584905660377358,1,1
HT1,2025-06-27,12000.0,14750.0,0.22916666666666666,1,1
TCH,2025-06-27,16840.37,22051.84,0.3094629156010231,1,1
VIX,2025-06-27,12700.0,24050.0,0.8937007874015748,1,1
HSG,2025-06-27,16550.0,18650.0,0.1268882175226586,1,1
VSC,2025-06-27,15600.0,22950.0,0.47115384615384615,1,1
POW,2025-06-27,12950.0,14250.0,0.10038610038610038,1,1
VSC,2025-06-30,16050.0,24550.0,0.5295950155763239,1,1
VIX,2025-06-30,12750.0,25700.0,1.0156862745098039,1,1
HHV,2025-06-30,11762.14,13450.0,0.14349939721853341,1,1
HT1,2025-06-30,12000.0,14800.0,0.23333333333333334,1,1
NKG,2025-06-30,13200.0,16100.0,0.2196969696969697,1,1
DXS,2025-06-30,8910.0,11850.0,0.32996632996632996,1,1
VRE,2025-06-30,24650.0,29350.0,0.19066937119675456,1,1
HSG,2025-06-30,16600.0,19350.0,0.16566265060240964,1,1
POW,2025-06-30,13000.0,14800.0,0.13846153846153847,1,1
TCH,2025-06-30,17228.0,22740.96,0.31999999999999995,1,1
CII,2025-06-30,12938.7,15438.72,0.19322033898305074,1,1
HT1,2025-07-01,12200.0,14150.0,0.1598360655737705,1,1
POW,2025-07-01,13000.0,14550.0,0.11923076923076924,1,1
VND,2025-07-01,16800.0,21050.0,0.25297619047619047,1,1
PDR,2025-07-01,16295.84,19119.835,0.17329545454545447,1,1
VIX,2025-07-01,12800.0,23950.0,0.87109375,1,1
VSC,2025-07-01,15750.0,22850.0,0.4507936507936508,1,1
CII,2025-07-01,12894.84,14386.08,0.11564625850340134,1,1
DXS,2025-07-01,8660.0,11050.0,0.2759815242494226,1,1
TCH,2025-07-01,17141.86,21190.44,0.23618090452261295,1,1
DIG,2025-07-01,17100.0,21700.0,0.26900584795321636,1,1
NKG,2025-07-01,13250.0,16050.0,0.21132075471698114,1,1
TCH,2025-07-02,17228.0,20501.32,0.18999999999999997,1,1
PDR,2025-07-02,16434.725,19212.425,0.1690140845070423,1,1
POW,2025-07-02,12900.0,14500.0,0.12403100775193798,1,1
DIG,2025-07-02,17400.0,22050.0,0.2672413793103448,1,1
DXS,2025-07-02,8960.0,10550.0,0.17745535714285715,1,1
NKG,2025-07-02,13600.0,16500.0,0.21323529411764705,1,1
VSC,2025-07-02,15900.0,24400.0,0.5345911949685535,1,1
CII,2025-07-02,13070.28,14780.82,0.13087248322147643,1,1
HT1,2025-07-03,12350.0,14200.0,0.14979757085020243,1,1
VSC,2025-07-03,17000.0,26100.0,0.5352941176470588,1,1
NKG,2025-07-03,13650.0,16150.0,0.18315018315018314,1,1
TCH,2025-07-03,17055.72,20630.53,0.20959595959595945,1,1
PDR,2025-07-03,16527.315,19166.13,0.15966386554621864,1,1
DXS,2025-07-03,9220.0,10950.0,0.1876355748373102,1,1
NKG,2025-07-04,13650.0,15500.0,0.13553113553113552,1,1
DXS,2025-07-04,9200.0,11000.0,0.1956521739130435,1,1
VSC,2025-07-04,16800.0,25750.0,0.5327380952380952,1,1
DXS,2025-07-07,9350.0,11300.0,0.20855614973262032,1,1
CII,2025-07-07,13333.44,14868.54,0.11513157894736845,1,1
VSC,2025-07-07,16550.0,26300.0,0.5891238670694864,1,1
NKG,2025-07-07,13700.0,15750.0,0.14963503649635038,1,1
VSC,2025-07-08,16900.0,24600.0,0.4556213017751479,1,1
DXS,2025-07-08,9670.0,11000.0,0.1375387797311272,1,1
ANV,2025-07-09,23200.0,26000.0,0.1206896551724138,1,1
DXS,2025-07-09,9560.0,11400.0,0.19246861924686193,1,1
HT1,2025-07-09,12800.0,14700.0,0.1484375,1,1
VSC,2025-07-09,16700.0,25350.0,0.5179640718562875,1,1
HAG,2025-07-09,13600.0,15200.0,0.11764705882352941,1,1
ANV,2025-07-10,22200.0,27800.0,0.25225225225225223,1,1
DXS,2025-07-10,9620.0,12150.0,0.262993762993763,1,1
HAG,2025-07-10,13550.0,15100.0,0.11439114391143912,1,1
VSC,2025-07-10,17300.0,25950.0,0.5,1,1
HHV,2025-07-11,12047.86,13700.0,0.137131407569477,1,1
VSC,2025-07-11,17000.0,25100.0,0.4764705882352941,1,1
DXS,2025-07-11,9350.0,12550.0,0.3422459893048128,1,1
ANV,2025-07-11,22550.0,27400.0,0.21507760532150777,1,1
CII,2025-07-11,13114.14,17900.0,0.3649389132646137,1,1
HAG,2025-07-11,13400.0,16150.0,0.20522388059701493,1,1
POW,2025-07-11,13450.0,15150.0,0.12639405204460966,1,1
ANV,2025-07-14,22500.0,26550.0,0.18,1,1
HAG,2025-07-14,14100.0,16000.0,0.1347517730496454,1,1
VSC,2025-07-14,16900.0,25900.0,0.5325443786982249,1,1
DXS,2025-07-14,10000.0,12550.0,0.255,1,1
HAG,2025-07-15,13650.0,16200.0,0.18681318681318682,1,1
HHV,2025-07-15,12285.96,15050.0,0.2249755004899903,1,1
VSC,2025-07-15,16850.0,27700.0,0.6439169139465876,1,1
CII,2025-07-15,13333.44,20450.0,0.5337377300981592,1,1
ANV,2025-07-15,22300.0,27100.0,0.21524663677130046,1,1
DXS,2025-07-15,10100.0,12350.0,0.22277227722772278,1,1
POW,2025-07-15,13700.0,16150.0,0.17883211678832117,1,1
HAG,2025-07-16,13600.0,16200.0,0.19117647058823528,1,1
DXS,2025-07-16,10350.0,12650.0,0.2222222222222222,1,1
VSC,2025-07-16,17200.0,29600.0,0.7209302325581395,1,1
ANV,2025-07-16,22600.0,27100.0,0.19911504424778761,1,1
HT1,2025-07-17,13050.0,16700.0,0.2796934865900383,1,1
VSC,2025-07-17,17200.0,31650.0,0.8401162790697675,1,1
HAG,2025-07-17,13900.0,15900.0,0.14388489208633093,1,1
DXS,2025-07-17,10800.0,12700.0,0.17592592592592593,1,1
ANV,2025-07-17,23000.0,26750.0,0.16304347826086957,1,1
ANV,2025-07-18,22950.0,26600.0,0.15904139433551198,1,1
VSC,2025-07-18,17950.0,33850.0,0.8857938718662952,1,1
HT1,2025-07-18,13000.0,16300.0,0.25384615384615383,1,1
DXS,2025-07-21,11050.0,12900.0,0.167420814479638,1,1
ANV,2025-07-21,23300.0,27100.0,0.1630901287553648,1,1
HAG,2025-07-21,14600.0,16650.0,0.1404109589041096,1,1
CII,2025-07-21,13772.04,24500.0,0.7789666599864652,1,1
VSC,2025-07-21,18150.0,36200.0,0.9944903581267218,1,1
VSC,2025-07-22,19400.0,35000.0,0.8041237113402062,1,1
DXS,2025-07-22,11400.0,13000.0,0.14035087719298245,1,1
HAG,2025-07-22,15000.0,16650.0,0.11,1,1
ANV,2025-07-22,23850.0,27600.0,0.15723270440251572,1,1
DXS,2025-07-23,11300.0,12800.0,0.13274336283185842,1,1
HAG,2025-07-23,14500.0,16300.0,0.12413793103448276,1,1
ANV,2025-07-23,23800.0,27250.0,0.14495798319327732,1,1
ANV,2025-07-24,23300.0,26050.0,0.11802575107296137,1,1
HAG,2025-07-24,14000.0,16850.0,0.20357142857142857,1,1
HAG,2025-07-25,14050.0,16100.0,0.14590747330960854,1,1
HAG,2025-07-28,14200.0,17200.0,0.2112676056338028,1,1
HAG,2025-07-29,13300.0,17350.0,0.30451127819548873,1,1
HT1,2025-07-29,14150.0,16950.0,0.1978798586572438,1,1
HHV,2025-07-29,12550.0,15000.0,0.1952191235059761,1,1
ANV,2025-07-29,23150.0,26750.0,0.15550755939524838,1,1
CII,2025-07-29,14386.08,23950.0,0.6648037547406938,1,1
PDR,2025-07-29,19119.835,24400.0,0.2761616405162493,1,1
VSC,2025-07-29,22850.0,31300.0,0.36980306345733044,1,1
VSC,2025-07-30,24400.0,31850.0,0.305327868852459,1,1
HAG,2025-07-30,13650.0,16700.0,0.22344322344322345,1,1
DXS,2025-07-30,10550.0,12800.0,0.2132701421800948,1,1
HHV,2025-07-30,12450.0,14750.0,0.18473895582329317,1,1
HT1,2025-07-30,14300.0,17100.0,0.1958041958041958,1,1
ANV,2025-07-30,22400.0,26800.0,0.19642857142857142,1,1
VSC,2025-07-31,26100.0,31150.0,0.19348659003831417,1,1
HHV,2025-07-31,12800.0,14850.0,0.16015625,1,1
HAG,2025-07-31,13950.0,16350.0,0.17204301075268819,1,1
ANV,2025-07-31,23450.0,28000.0,0.19402985074626866,1,1
DXS,2025-07-31,10950.0,12750.0,0.1643835616438356,1,1
DSE,2025-07-31,24250.0,31650.0,0.30515463917525776,1,1
HT1,2025-07-31,14200.0,17400.0,0.22535211267605634,1,1
CII,2025-07-31,14342.22,23100.0,0.6106293168003281,1,1
CII,2025-08-01,14473.8,22500.0,0.5545330182813084,1,1
HT1,2025-08-01,13900.0,17900.0,0.28776978417266186,1,1
DXS,2025-08-01,11000.0,12950.0,0.17727272727272728,1,1
DIG,2025-08-01,20850.0,23300.0,0.11750599520383694,1,1
HAG,2025-08-01,13900.0,16500.0,0.18705035971223022,1,1
VSC,2025-08-01,25750.0,30000.0,0.1650485436893204,1,1
PDR,2025-08-01,18703.18,24550.0,0.3126110105340375,1,1
HHV,2025-08-01,12800.0,14800.0,0.15625,1,1
TCH,2025-08-01,19812.2,21900.0,0.10537951363301395,1,1
POW,2025-08-01,14250.0,16450.0,0.1543859649122807,1,1
ANV,2025-08-01,22900.0,27150.0,0.185589519650655,1,1
VSC,2025-08-04,26300.0,32100.0,0.22053231939163498,1,1
DXS,2025-08-04,11300.0,13850.0,0.22566371681415928,1,1
HAG,2025-08-04,13950.0,16400.0,0.17562724014336917,1,1
TCH,2025-08-04,20587.46,22650.0,0.10018428693971966,1,1
HT1,2025-08-04,14200.0,17650.0,0.24295774647887325,1,1
HHV,2025-08-04,13000.0,15250.0,0.17307692307692307,1,1
ANV,2025-08-05,24300.0,27550.0,0.1337448559670782,1,1
HHV,2025-08-05,13150.0,15600.0,0.18631178707224336,1,1
HT1,2025-08-05,13900.0,17450.0,0.25539568345323743,1,1
POW,2025-08-05,14500.0,16750.0,0.15517241379310345,1,1
TCH,2025-08-05,20329.04,24150.0,0.18795575196861233,1,1
DXS,2025-08-05,11000.0,13600.0,0.23636363636363636,1,1
PDR,2025-08-05,19000.0,26000.0,0.3684210526315789,1,1
VSC,2025-08-05,24600.0,32800.0,0.3333333333333333,1,1
DIG,2025-08-05,21250.0,25400.0,0.1952941176470588,1,1
HAG,2025-08-05,14900.0,16450.0,0.1040268456375839,1,1
